USERID,NAME,DEPARTMENT,EMAIL,CUSTOMERID,ADMINID
U852,Drew Smith,Engineering,drew.smith852@aol.com,44538,U852
U889,Casey Lee,Sales,casey.lee889@21cn.com,33222,U889
U651,Jordan Clark,Engineering,jordan.clark651@21cn.com,33222,U889
U708,Jordan Nguyen,Engineering,jordan.nguyen708@apple.sib.ru,28333,U708
U248,Casey Lee,Marketing,casey.lee248@007addict.com,93888,U248
U626,Morgan Nguyen,Marketing,morgan.nguyen626@10mail.org,55533,U626
U361,Taylor Brown,Sales,taylor.brown361@4email.com,76338,U361
U681,Taylor Martinez,Finance,taylor.martinez681@10mail.org,29335,U681
U788,Jordan Martinez,Finance,jordan.martinez788@10minutemail.com,33663,U909
U909,Alex Martinez,Support,alex.martinez909@10minutemail.com,33663,U909
U977,Alex Lee,Support,alex.lee977@10minutemail.com,33663,U909
U920,Taylor Nguyen,Marketing,taylor.nguyen920@123.com,38822,U108
U108,Jordan Smith,Engineering,jordan.smith108@123.com,38822,U108
U323,Jamie Martinez,HR,jamie.martinez323@0-mail.com,18226,U323
U229,Drew Smith,Support,drew.smith229@10mail.org,99402,U229
U601,Jordan Brown,Sales,jordan.brown601@007addict.com,11627,U601
U135,Drew Nguyen,Engineering,drew.nguyen135@bk.ru,33667,U135
U228,Riley Clark,Engineering,riley.clark228@007addict.com,82772,U228
U930,Alex Nguyen,Marketing,alex.nguyen930@139.com,23561,U930
U399,Morgan Martinez,Support,morgan.martinez399@139.com,23561,U930
U714,Riley Martinez,HR,riley.martinez714@007addict.com,87232,U714
U124,Drew Clark,Sales,drew.clark124@33mail.com,91658,U124
U258,Casey Nguyen,Marketing,casey.nguyen258@10mail.org,69521,U258
U532,Alex Smith,Marketing,alex.smith532@88.am,25080,U879
U879,Morgan Smith,Sales,morgan.smith879@88.am,25080,U879
U581,Casey Smith,HR,casey.smith581@21cn.com,92423,U581
U562,Riley Johnson,Sales,riley.johnson562@21cn.com,92423,U581
U641,Alex Clark,Finance,alex.clark641@gmail.com,27395,U641
U672,Jordan Smith,HR,jordan.smith672@gmail.com,27395,U641
U467,Morgan Garcia,Marketing,morgan.garcia467@armyspy.com,65777,U467
U825,Alex Johnson,HR,alex.johnson825@armyspy.com,65777,U467
U702,Casey Lee,HR,casey.lee702@armyspy.com,65777,U467
U902,Casey Lee,Marketing,casey.lee902@21cn.com,89038,U538
U538,Riley Martinez,Sales,riley.martinez538@21cn.com,89038,U538
U662,Jamie Brown,Sales,jamie.brown662@88.am,75658,U639
U639,Riley Martinez,HR,riley.martinez639@88.am,75658,U639
U431,Jordan Lee,Support,jordan.lee431@6ip.us,94827,U735
U894,Casey Lee,Support,casey.lee894@6ip.us,94827,U735
U735,Taylor Martinez,HR,taylor.martinez735@6ip.us,94827,U735
U122,Morgan Brown,HR,morgan.brown122@4email.com,65780,U122
U944,Alex Garcia,HR,alex.garcia944@5star.com,96846,U944
U807,Taylor Smith,Engineering,taylor.smith807@5star.com,96846,U944
U394,Jordan Garcia,Support,jordan.garcia394@bigfoot.com,71654,U394
U282,Drew Nguyen,Engineering,drew.nguyen282@0-mail.com,47933,U282
U696,Alex Johnson,Engineering,alex.johnson696@apple.sib.ru,15041,U696
U539,Riley Brown,Marketing,riley.brown539@21cn.com,84901,U671
U671,Alex Smith,Marketing,alex.smith671@21cn.com,84901,U671
U545,Casey Garcia,Support,casey.garcia545@bk.ru,49010,U545
U251,Casey Brown,Finance,casey.brown251@bk.ru,96180,U251
U819,Riley Brown,Finance,riley.brown819@10mail.org,62966,U819
U313,Casey Martinez,Engineering,casey.martinez313@apple.sib.ru,65360,U313
U727,Riley Brown,Engineering,riley.brown727@4email.com,66163,U727
U770,Drew Brown,HR,drew.brown770@aol.com,69173,U770
U375,Casey Lee,Sales,casey.lee375@360.ru,63156,U375
U878,Taylor Garcia,Marketing,taylor.garcia878@10mail.org,90100,U878
U887,Alex Lee,Finance,alex.lee887@360.ru,75888,U887
U288,Taylor Clark,Support,taylor.clark288@189.cn,11414,U288
U914,Jamie Garcia,Marketing,jamie.garcia914@bk.ru,34275,U914
U622,Casey Brown,Finance,casey.brown622@armyspy.com,76899,U622
U211,Morgan Lee,Engineering,morgan.lee211@armyspy.com,76899,U622
U279,Alex Garcia,Sales,alex.garcia279@armyspy.com,76899,U622
U911,Jamie Clark,Sales,jamie.clark911@123.com,96486,U911
U383,Morgan Brown,Marketing,morgan.brown383@123.com,96486,U911
U261,Taylor Nguyen,Finance,taylor.nguyen261@5star.com,29548,U799
U799,Drew Smith,HR,drew.smith799@5star.com,29548,U799
U182,Taylor Clark,Support,taylor.clark182@123.com,92838,U117
U117,Casey Clark,HR,casey.clark117@123.com,92838,U117
U942,Alex Smith,Support,alex.smith942@21cn.com,47593,U922
U922,Alex Garcia,Finance,alex.garcia922@21cn.com,47593,U922
U820,Casey Johnson,Engineering,casey.johnson820@aol.com,34077,U820
U728,Alex Garcia,Support,alex.garcia728@126.com,76435,U728
U413,Alex Johnson,Marketing,alex.johnson413@139.com,57862,U413
U912,Taylor Brown,Support,taylor.brown912@139.com,57862,U413
U430,Jamie Smith,HR,jamie.smith430@gmail.com,43495,U430
U209,Morgan Garcia,Support,morgan.garcia209@gmail.com,43495,U430
U599,Riley Johnson,Support,riley.johnson599@123.com,85306,U961
U961,Morgan Brown,Engineering,morgan.brown961@123.com,85306,U961
U145,Riley Martinez,Finance,riley.martinez145@gmail.com,83421,U145
U778,Alex Garcia,Sales,alex.garcia778@gmail.com,83421,U145
U466,Casey Clark,HR,casey.clark466@88.am,23856,U466
U919,Alex Garcia,Support,alex.garcia919@88.am,23856,U466
U291,Riley Brown,Sales,riley.brown291@360.ru,97040,U291
U988,Casey Johnson,Support,casey.johnson988@10minutemail.com,69332,U121
U906,Morgan Garcia,Support,morgan.garcia906@10minutemail.com,69332,U121
U121,Casey Nguyen,HR,casey.nguyen121@10minutemail.com,69332,U121
U416,Alex Martinez,Finance,alex.martinez416@21cn.com,36456,U611
U611,Casey Lee,Engineering,casey.lee611@21cn.com,36456,U611
U368,Morgan Johnson,Engineering,morgan.johnson368@33mail.com,11982,U368
U558,Casey Clark,Engineering,casey.clark558@6ip.us,54987,U372
U372,Taylor Brown,Sales,taylor.brown372@6ip.us,54987,U372
U864,Jordan Martinez,Support,jordan.martinez864@6ip.us,54987,U372
U508,Alex Nguyen,Finance,alex.nguyen508@aol.com,36905,U508
U888,Morgan Brown,HR,morgan.brown888@360.ru,96631,U888
U330,Alex Clark,HR,alex.clark330@5star.com,45360,U330
U790,Drew Garcia,HR,drew.garcia790@5star.com,45360,U330
U327,Drew Clark,Support,drew.clark327@88.am,64029,U327
U128,Casey Martinez,Sales,casey.martinez128@88.am,64029,U327
U724,Riley Garcia,Sales,riley.garcia724@bigfoot.com,13696,U724
U473,Taylor Clark,Sales,taylor.clark473@bigfoot.com,64398,U473
U854,Casey Martinez,Finance,casey.martinez854@6ip.us,19622,U854
U450,Drew Brown,Engineering,drew.brown450@6ip.us,19622,U854
U614,Taylor Clark,Support,taylor.clark614@6ip.us,19622,U854
U339,Riley Lee,HR,riley.lee339@6ip.us,88928,U316
U575,Riley Smith,HR,riley.smith575@6ip.us,88928,U316
U316,Riley Garcia,HR,riley.garcia316@6ip.us,88928,U316
U736,Drew Lee,Engineering,drew.lee736@139.com,67810,U736
U447,Alex Brown,Marketing,alex.brown447@139.com,67810,U736
U501,Casey Martinez,Support,casey.martinez501@139.com,63996,U501
U215,Taylor Garcia,HR,taylor.garcia215@139.com,63996,U501
U247,Taylor Lee,Engineering,taylor.lee247@armyspy.com,43141,U612
U612,Jamie Smith,Marketing,jamie.smith612@armyspy.com,43141,U612
U520,Jamie Smith,Support,jamie.smith520@armyspy.com,43141,U612
U265,Morgan Martinez,Engineering,morgan.martinez265@33mail.com,34662,U265
U166,Casey Smith,Marketing,casey.smith166@bluebottle.com,12914,U166
U975,Jordan Martinez,Finance,jordan.martinez975@33mail.com,27498,U975
U572,Casey Nguyen,Support,casey.nguyen572@aol.com,50483,U572
U877,Alex Garcia,Sales,alex.garcia877@bk.ru,90124,U877
U356,Drew Lee,Finance,drew.lee356@10mail.org,68752,U356
U821,Casey Nguyen,Marketing,casey.nguyen821@bluebottle.com,31481,U821
U465,Riley Clark,HR,riley.clark465@126.com,73611,U465
U410,Drew Smith,Engineering,drew.smith410@88.am,92977,U167
U167,Riley Clark,Support,riley.clark167@88.am,92977,U167
U715,Riley Garcia,Engineering,riley.garcia715@5star.com,99798,U715
U267,Alex Johnson,Sales,alex.johnson267@5star.com,99798,U715
U444,Jamie Lee,HR,jamie.lee444@189.cn,39159,U444
U916,Riley Garcia,Engineering,riley.garcia916@88.am,73395,U916
U687,Casey Lee,Sales,casey.lee687@88.am,73395,U916
U772,Jamie Nguyen,Finance,jamie.nguyen772@0-mail.com,38857,U772
U685,Jamie Lee,Marketing,jamie.lee685@bigfoot.com,77151,U685
U892,Morgan Clark,Sales,morgan.clark892@88.am,49352,U892
U986,Drew Clark,Sales,drew.clark986@88.am,49352,U892
U256,Jamie Smith,Support,jamie.smith256@0-mail.com,74247,U256
U112,Riley Lee,Engineering,riley.lee112@bk.ru,17409,U112
U500,Drew Martinez,Marketing,drew.martinez500@6ip.us,29249,U934
U481,Taylor Nguyen,Sales,taylor.nguyen481@6ip.us,29249,U934
U934,Riley Nguyen,Support,riley.nguyen934@6ip.us,29249,U934
U703,Taylor Garcia,Support,taylor.garcia703@5star.com,58573,U703
U956,Riley Nguyen,Finance,riley.nguyen956@5star.com,58573,U703
U823,Jamie Martinez,Support,jamie.martinez823@007addict.com,29641,U823
U642,Riley Nguyen,Marketing,riley.nguyen642@6ip.us,35382,U602
U602,Drew Clark,HR,drew.clark602@6ip.us,35382,U602
U365,Drew Smith,Marketing,drew.smith365@6ip.us,35382,U602
U637,Alex Martinez,Finance,alex.martinez637@360.ru,81338,U637
U753,Alex Smith,Support,alex.smith753@4email.com,30645,U753
U584,Taylor Brown,Finance,taylor.brown584@gmail.com,27875,U449
U449,Casey Smith,Support,casey.smith449@gmail.com,27875,U449
U938,Jamie Brown,Support,jamie.brown938@10mail.org,70687,U938
U442,Alex Lee,Engineering,alex.lee442@10mail.org,89996,U442
U700,Jordan Clark,Engineering,jordan.clark700@armyspy.com,72598,U393
U393,Riley Johnson,Sales,riley.johnson393@armyspy.com,72598,U393
U698,Jamie Garcia,Finance,jamie.garcia698@armyspy.com,72598,U393
U511,Morgan Brown,Engineering,morgan.brown511@4email.com,66143,U511
U787,Taylor Johnson,Sales,taylor.johnson787@6ip.us,57435,U787
U567,Riley Martinez,Finance,riley.martinez567@6ip.us,57435,U787
U137,Taylor Garcia,HR,taylor.garcia137@6ip.us,57435,U787
U900,Riley Brown,Engineering,riley.brown900@123.com,50901,U900
U438,Alex Nguyen,Marketing,alex.nguyen438@123.com,50901,U900
U176,Alex Lee,Support,alex.lee176@bk.ru,16063,U176
U764,Alex Nguyen,Support,alex.nguyen764@armyspy.com,36032,U524
U524,Morgan Brown,Engineering,morgan.brown524@armyspy.com,36032,U524
U419,Alex Nguyen,Support,alex.nguyen419@armyspy.com,36032,U524
U688,Riley Johnson,Sales,riley.johnson688@10mail.org,48260,U688
U271,Jamie Garcia,Finance,jamie.garcia271@360.ru,82489,U271
U673,Jamie Johnson,Support,jamie.johnson673@360.ru,23939,U673
U676,Alex Martinez,Support,alex.martinez676@6ip.us,56569,U676
U479,Jordan Garcia,Support,jordan.garcia479@6ip.us,56569,U676
U269,Drew Lee,Engineering,drew.lee269@6ip.us,56569,U676
U721,Taylor Brown,Support,taylor.brown721@10mail.org,69746,U721
U723,Riley Brown,Marketing,riley.brown723@33mail.com,78513,U723
U793,Morgan Clark,Finance,morgan.clark793@360.ru,42605,U793
U712,Casey Smith,Finance,casey.smith712@0-mail.com,26280,U712
U884,Riley Nguyen,Support,riley.nguyen884@123.com,53551,U111
U111,Riley Johnson,Engineering,riley.johnson111@123.com,53551,U111
U403,Taylor Lee,Engineering,taylor.lee403@360.ru,69685,U403
U657,Casey Johnson,Support,casey.johnson657@bk.ru,53931,U657
U296,Jordan Clark,Marketing,jordan.clark296@33mail.com,89581,U296
U358,Drew Nguyen,Support,drew.nguyen358@123.com,40975,U950
U950,Casey Clark,Marketing,casey.clark950@123.com,40975,U950
U521,Morgan Garcia,Marketing,morgan.garcia521@gmail.com,45891,U905
U905,Casey Brown,Marketing,casey.brown905@gmail.com,45891,U905
U949,Alex Johnson,Marketing,alex.johnson949@007addict.com,58225,U949
U384,Casey Brown,Finance,casey.brown384@33mail.com,11736,U384
U100,Alex Martinez,HR,alex.martinez100@aol.com,30406,U100
U424,Alex Clark,HR,alex.clark424@0-mail.com,57129,U424
U114,Jamie Garcia,Sales,jamie.garcia114@10mail.org,96451,U114
U564,Riley Garcia,Finance,riley.garcia564@bigfoot.com,29410,U564
U220,Casey Clark,Engineering,casey.clark220@bluebottle.com,94321,U220
U984,Drew Johnson,Finance,drew.johnson984@5star.com,97868,U984
U236,Drew Smith,Finance,drew.smith236@5star.com,97868,U984
U275,Morgan Garcia,Engineering,morgan.garcia275@bk.ru,27645,U275
U486,Alex Garcia,Marketing,alex.garcia486@apple.sib.ru,32124,U486
U380,Jamie Garcia,Support,jamie.garcia380@189.cn,86161,U380
U334,Drew Lee,Support,drew.lee334@163.com,69631,U998
U738,Alex Clark,Finance,alex.clark738@163.com,69631,U998
U998,Jamie Brown,HR,jamie.brown998@163.com,69631,U998
U415,Casey Johnson,Marketing,casey.johnson415@gmail.com,89802,U415
U175,Jamie Lee,Marketing,jamie.lee175@gmail.com,89802,U415
U897,Jamie Brown,Sales,jamie.brown897@139.com,93365,U972
U972,Casey Lee,Engineering,casey.lee972@139.com,93365,U972
U497,Taylor Martinez,Marketing,taylor.martinez497@4email.com,92241,U497
U775,Alex Brown,Finance,alex.brown775@bk.ru,54547,U775
U448,Casey Lee,Support,casey.lee448@5star.com,99519,U460
U460,Jamie Garcia,Engineering,jamie.garcia460@5star.com,99519,U460
U831,Jamie Johnson,Engineering,jamie.johnson831@88.am,70213,U692
U692,Morgan Smith,Sales,morgan.smith692@88.am,70213,U692
U578,Casey Smith,HR,casey.smith578@gmail.com,30456,U402
U402,Morgan Nguyen,Marketing,morgan.nguyen402@gmail.com,30456,U402
U385,Riley Garcia,Sales,riley.garcia385@88.am,52631,U336
U336,Jordan Clark,Finance,jordan.clark336@88.am,52631,U336
U740,Riley Nguyen,Engineering,riley.nguyen740@007addict.com,56823,U740
U836,Jordan Nguyen,Sales,jordan.nguyen836@21cn.com,49502,U959
U959,Taylor Clark,HR,taylor.clark959@21cn.com,49502,U959
U832,Alex Nguyen,Finance,alex.nguyen832@33mail.com,70496,U832
U340,Jordan Martinez,Engineering,jordan.martinez340@bluebottle.com,40780,U340
U776,Alex Nguyen,Support,alex.nguyen776@aol.com,52025,U776
U156,Drew Garcia,Finance,drew.garcia156@139.com,60121,U709
U709,Alex Lee,Finance,alex.lee709@139.com,60121,U709
U610,Riley Smith,Finance,riley.smith610@10minutemail.com,81473,U774
U142,Jamie Nguyen,Finance,jamie.nguyen142@10minutemail.com,81473,U774
U774,Taylor Brown,Marketing,taylor.brown774@10minutemail.com,81473,U774
U225,Taylor Nguyen,Engineering,taylor.nguyen225@gmail.com,34860,U969
U969,Casey Garcia,Sales,casey.garcia969@gmail.com,34860,U969
U536,Jamie Lee,Engineering,jamie.lee536@189.cn,22969,U536
U311,Casey Johnson,HR,casey.johnson311@360.ru,51222,U311
U722,Jordan Johnson,Support,jordan.johnson722@bluebottle.com,41667,U722
U680,Taylor Martinez,Marketing,taylor.martinez680@21cn.com,64638,U278
U278,Casey Lee,Support,casey.lee278@21cn.com,64638,U278
U101,Alex Lee,Marketing,alex.lee101@apple.sib.ru,23555,U101
U154,Drew Lee,Marketing,drew.lee154@gmail.com,92029,U853
U853,Jamie Nguyen,Marketing,jamie.nguyen853@gmail.com,92029,U853
U710,Casey Nguyen,Sales,casey.nguyen710@aol.com,89792,U710
U786,Alex Garcia,Marketing,alex.garcia786@4email.com,39722,U786
U784,Jamie Martinez,HR,jamie.martinez784@10mail.org,73690,U784
U191,Drew Johnson,Finance,drew.johnson191@126.com,30455,U191
U370,Drew Garcia,Sales,drew.garcia370@10minutemail.com,95363,U370
U253,Taylor Clark,HR,taylor.clark253@10minutemail.com,95363,U370
U800,Drew Clark,Engineering,drew.clark800@10minutemail.com,95363,U370
U457,Morgan Lee,HR,morgan.lee457@126.com,93821,U457
U210,Drew Garcia,Support,drew.garcia210@5star.com,32262,U210
U255,Taylor Johnson,Engineering,taylor.johnson255@5star.com,32262,U210
U498,Jamie Lee,Sales,jamie.lee498@10mail.org,35058,U498
U185,Jordan Brown,Finance,jordan.brown185@aol.com,44387,U185
U250,Casey Smith,Engineering,casey.smith250@6ip.us,11737,U768
U768,Drew Clark,Sales,drew.clark768@6ip.us,11737,U768
U331,Morgan Johnson,Finance,morgan.johnson331@6ip.us,11737,U768
U102,Taylor Clark,Support,taylor.clark102@gmail.com,78974,U102
U194,Jordan Garcia,Engineering,jordan.garcia194@gmail.com,78974,U102
U632,Jamie Garcia,Support,jamie.garcia632@bigfoot.com,45019,U632
U544,Taylor Nguyen,Support,taylor.nguyen544@4email.com,85348,U544
U321,Morgan Martinez,Engineering,morgan.martinez321@10mail.org,70397,U321
U502,Morgan Garcia,Support,morgan.garcia502@88.am,23770,U502
U896,Morgan Nguyen,Finance,morgan.nguyen896@88.am,23770,U502
U390,Jordan Clark,Sales,jordan.clark390@139.com,49820,U390
U674,Riley Clark,Marketing,riley.clark674@139.com,49820,U390
U546,Morgan Martinez,Support,morgan.martinez546@aol.com,18310,U546
U513,Alex Smith,Support,alex.smith513@apple.sib.ru,89738,U513
U929,Jordan Johnson,Sales,jordan.johnson929@bigfoot.com,92072,U929
U171,Morgan Lee,HR,morgan.lee171@gmail.com,18534,U219
U219,Alex Garcia,Engineering,alex.garcia219@gmail.com,18534,U219
U574,Jordan Lee,Sales,jordan.lee574@189.cn,51080,U574
U320,Riley Nguyen,Engineering,riley.nguyen320@4email.com,61014,U320
U342,Morgan Smith,Support,morgan.smith342@0-mail.com,14991,U342
U314,Drew Johnson,Engineering,drew.johnson314@33mail.com,78766,U314
U973,Taylor Johnson,Engineering,taylor.johnson973@139.com,62444,U973
U157,Jamie Smith,HR,jamie.smith157@139.com,62444,U973
U354,Drew Nguyen,HR,drew.nguyen354@apple.sib.ru,24097,U354
U843,Riley Nguyen,Support,riley.nguyen843@10mail.org,93563,U843
U910,Riley Clark,Sales,riley.clark910@4email.com,59634,U910
U289,Riley Nguyen,HR,riley.nguyen289@123.com,84493,U322
U322,Riley Garcia,Marketing,riley.garcia322@123.com,84493,U322
U561,Alex Smith,Sales,alex.smith561@360.ru,71449,U561
U482,Jamie Nguyen,Sales,jamie.nguyen482@5star.com,50803,U482
U798,Jordan Lee,HR,jordan.lee798@5star.com,50803,U482
U713,Jordan Johnson,Sales,jordan.johnson713@139.com,96896,U684
U684,Morgan Johnson,Engineering,morgan.johnson684@139.com,96896,U684
U143,Jamie Martinez,HR,jamie.martinez143@aol.com,43651,U143
U833,Jamie Martinez,Support,jamie.martinez833@gmail.com,24865,U391
U391,Morgan Nguyen,Sales,morgan.nguyen391@gmail.com,24865,U391
U144,Casey Nguyen,Support,casey.nguyen144@10mail.org,64458,U144
U828,Jordan Garcia,HR,jordan.garcia828@10mail.org,42058,U828
U683,Jordan Clark,Engineering,jordan.clark683@360.ru,83017,U683
U654,Jordan Lee,Engineering,jordan.lee654@bluebottle.com,73111,U654
U550,Jamie Lee,Sales,jamie.lee550@gmail.com,75491,U550
U731,Jordan Brown,HR,jordan.brown731@gmail.com,75491,U550
U300,Taylor Lee,Engineering,taylor.lee300@163.com,48189,U300
U169,Alex Martinez,Marketing,alex.martinez169@163.com,48189,U300
U615,Riley Lee,Support,riley.lee615@163.com,48189,U300
U582,Morgan Garcia,Engineering,morgan.garcia582@bluebottle.com,68586,U582
U285,Casey Lee,Engineering,casey.lee285@gmail.com,67306,U285
U178,Drew Clark,HR,drew.clark178@gmail.com,67306,U285
U952,Riley Brown,Sales,riley.brown952@gmail.com,27118,U952
U443,Jamie Nguyen,Engineering,jamie.nguyen443@gmail.com,27118,U952
U995,Alex Smith,Finance,alex.smith995@apple.sib.ru,24793,U995
U704,Morgan Brown,Finance,morgan.brown704@5star.com,95067,U381
U381,Riley Nguyen,Engineering,riley.nguyen381@5star.com,95067,U381
U427,Alex Johnson,Finance,alex.johnson427@bk.ru,82443,U427
U283,Alex Nguyen,Engineering,alex.nguyen283@aol.com,10162,U283
U392,Jordan Johnson,Support,jordan.johnson392@4email.com,66528,U392
U386,Alex Clark,Support,alex.clark386@4email.com,94115,U386
U197,Jordan Johnson,HR,jordan.johnson197@6ip.us,13494,U184
U184,Taylor Garcia,Support,taylor.garcia184@6ip.us,13494,U184
U595,Jamie Garcia,Support,jamie.garcia595@6ip.us,13494,U184
U553,Casey Johnson,Engineering,casey.johnson553@88.am,83379,U940
U940,Jordan Johnson,HR,jordan.johnson940@88.am,83379,U940
U636,Alex Clark,Engineering,alex.clark636@0-mail.com,70917,U636
U213,Drew Nguyen,Engineering,drew.nguyen213@10mail.org,25486,U213
U588,Casey Smith,Engineering,casey.smith588@bk.ru,13478,U588
U477,Jamie Garcia,Sales,jamie.garcia477@88.am,38661,U859
U859,Casey Clark,HR,casey.clark859@88.am,38661,U859
U781,Drew Nguyen,Engineering,drew.nguyen781@4email.com,95311,U781
U991,Alex Smith,Sales,alex.smith991@007addict.com,60314,U991
U746,Alex Smith,Support,alex.smith746@apple.sib.ru,75231,U746
U913,Taylor Clark,Marketing,taylor.clark913@5star.com,50933,U913
U813,Alex Nguyen,Support,alex.nguyen813@5star.com,50933,U913
U861,Jamie Brown,Marketing,jamie.brown861@33mail.com,15440,U861
U985,Drew Martinez,Sales,drew.martinez985@apple.sib.ru,17658,U985
U428,Alex Brown,HR,alex.brown428@0-mail.com,30059,U428
U968,Morgan Lee,Marketing,morgan.lee968@126.com,71245,U968
U875,Morgan Smith,Marketing,morgan.smith875@126.com,20550,U875
U329,Morgan Smith,HR,morgan.smith329@5star.com,96571,U329
U705,Taylor Johnson,Marketing,taylor.johnson705@5star.com,96571,U329
U716,Riley Johnson,Sales,riley.johnson716@139.com,38046,U716
U643,Taylor Johnson,Finance,taylor.johnson643@139.com,38046,U716
U445,Alex Smith,Marketing,alex.smith445@4email.com,26465,U445
U936,Casey Garcia,HR,casey.garcia936@10minutemail.com,49649,U863
U260,Riley Johnson,Sales,riley.johnson260@10minutemail.com,49649,U863
U863,Morgan Lee,Sales,morgan.lee863@10minutemail.com,49649,U863
U726,Jamie Johnson,Support,jamie.johnson726@33mail.com,83869,U726
U675,Jordan Johnson,HR,jordan.johnson675@88.am,41402,U363
U363,Alex Smith,Support,alex.smith363@88.am,41402,U363
U397,Drew Garcia,Engineering,drew.garcia397@apple.sib.ru,12402,U397
U963,Drew Clark,HR,drew.clark963@0-mail.com,83650,U963
U667,Taylor Clark,Engineering,taylor.clark667@163.com,45632,U730
U351,Morgan Garcia,Sales,morgan.garcia351@163.com,45632,U730
U730,Riley Nguyen,Support,riley.nguyen730@163.com,45632,U730
U432,Morgan Lee,Sales,morgan.lee432@armyspy.com,20426,U846
U846,Drew Smith,HR,drew.smith846@armyspy.com,20426,U846
U395,Riley Clark,HR,riley.clark395@armyspy.com,20426,U846
U967,Riley Smith,Support,riley.smith967@4email.com,13232,U967
U421,Morgan Nguyen,Support,morgan.nguyen421@33mail.com,55320,U421
U150,Drew Martinez,Marketing,drew.martinez150@360.ru,36096,U150
U396,Morgan Martinez,Engineering,morgan.martinez396@apple.sib.ru,81960,U396
U463,Jamie Johnson,Finance,jamie.johnson463@007addict.com,61813,U463
U871,Jamie Smith,Sales,jamie.smith871@gmail.com,53693,U345
U345,Taylor Smith,HR,taylor.smith345@gmail.com,53693,U345
U543,Riley Nguyen,Finance,riley.nguyen543@armyspy.com,62468,U425
U765,Casey Johnson,Marketing,casey.johnson765@armyspy.com,62468,U425
U425,Drew Nguyen,Sales,drew.nguyen425@armyspy.com,62468,U425
U659,Riley Nguyen,Engineering,riley.nguyen659@bluebottle.com,96496,U659
U518,Morgan Nguyen,Marketing,morgan.nguyen518@126.com,29623,U518
U766,Drew Clark,Support,drew.clark766@10minutemail.com,55455,U752
U362,Drew Clark,HR,drew.clark362@10minutemail.com,55455,U752
U752,Taylor Smith,Engineering,taylor.smith752@10minutemail.com,55455,U752
U146,Drew Clark,Sales,drew.clark146@bigfoot.com,70354,U146
U325,Morgan Garcia,Sales,morgan.garcia325@139.com,70745,U382
U382,Alex Smith,Finance,alex.smith382@139.com,70745,U382
U585,Morgan Nguyen,Sales,morgan.nguyen585@21cn.com,82873,U585
U915,Jamie Nguyen,Engineering,jamie.nguyen915@21cn.com,82873,U585
U593,Taylor Garcia,Engineering,taylor.garcia593@armyspy.com,22167,U686
U686,Drew Johnson,Support,drew.johnson686@armyspy.com,22167,U686
U312,Casey Nguyen,Sales,casey.nguyen312@armyspy.com,22167,U686
U983,Taylor Lee,Engineering,taylor.lee983@6ip.us,80694,U694
U694,Taylor Smith,Marketing,taylor.smith694@6ip.us,80694,U694
U933,Casey Garcia,Finance,casey.garcia933@6ip.us,80694,U694
U189,Jordan Clark,Engineering,jordan.clark189@apple.sib.ru,43550,U189
U110,Casey Clark,Finance,casey.clark110@33mail.com,15900,U110
U589,Jamie Smith,Engineering,jamie.smith589@6ip.us,27391,U589
U893,Taylor Brown,Sales,taylor.brown893@6ip.us,27391,U589
U907,Morgan Smith,Sales,morgan.smith907@6ip.us,27391,U589
U809,Jamie Lee,Marketing,jamie.lee809@0-mail.com,24976,U809
U136,Taylor Smith,Sales,taylor.smith136@apple.sib.ru,44977,U136
U718,Taylor Johnson,Engineering,taylor.johnson718@10mail.org,21405,U718
U244,Jordan Smith,HR,jordan.smith244@88.am,79365,U173
U173,Alex Nguyen,Sales,alex.nguyen173@88.am,79365,U173
U856,Taylor Smith,Finance,taylor.smith856@0-mail.com,89854,U856
U523,Alex Nguyen,Marketing,alex.nguyen523@139.com,88734,U523
U552,Morgan Johnson,Engineering,morgan.johnson552@139.com,88734,U523
U773,Jamie Johnson,Finance,jamie.johnson773@10mail.org,54337,U773
U489,Drew Clark,Support,drew.clark489@88.am,39414,U147
U147,Drew Lee,Support,drew.lee147@88.am,39414,U147
U308,Jamie Brown,HR,jamie.brown308@360.ru,31953,U308
U130,Jordan Lee,Finance,jordan.lee130@bigfoot.com,50719,U130
U993,Riley Garcia,Finance,riley.garcia993@aol.com,67058,U993
U472,Alex Brown,Engineering,alex.brown472@123.com,89079,U472
U456,Casey Garcia,Finance,casey.garcia456@123.com,89079,U472
U235,Jamie Smith,Sales,jamie.smith235@bluebottle.com,74236,U235
U161,Alex Garcia,Engineering,alex.garcia161@4email.com,15100,U161
U516,Casey Brown,Engineering,casey.brown516@bluebottle.com,80780,U516
U874,Taylor Nguyen,Finance,taylor.nguyen874@armyspy.com,77743,U874
U224,Riley Martinez,Finance,riley.martinez224@armyspy.com,77743,U874
U923,Alex Nguyen,Engineering,alex.nguyen923@armyspy.com,77743,U874
U155,Riley Smith,Marketing,riley.smith155@bk.ru,29321,U155
U237,Morgan Clark,Sales,morgan.clark237@33mail.com,40740,U237
U613,Alex Johnson,Marketing,alex.johnson613@gmail.com,34210,U485
U485,Drew Martinez,Marketing,drew.martinez485@gmail.com,34210,U485
U174,Jordan Clark,Support,jordan.clark174@123.com,50352,U174
U557,Drew Lee,Marketing,drew.lee557@123.com,50352,U174
U286,Alex Garcia,Sales,alex.garcia286@126.com,72833,U286
U994,Jordan Smith,Marketing,jordan.smith994@189.cn,49446,U994
U886,Jamie Nguyen,HR,jamie.nguyen886@gmail.com,39331,U953
U953,Morgan Johnson,Finance,morgan.johnson953@gmail.com,39331,U953
U997,Alex Brown,Sales,alex.brown997@189.cn,70136,U997
U158,Alex Smith,Marketing,alex.smith158@10mail.org,27533,U158
U153,Taylor Johnson,Support,taylor.johnson153@bluebottle.com,12099,U153
U616,Jamie Lee,Sales,jamie.lee616@bigfoot.com,13274,U616
U344,Jordan Clark,Marketing,jordan.clark344@88.am,71233,U827
U827,Taylor Clark,Finance,taylor.clark827@88.am,71233,U827
U795,Drew Smith,Engineering,drew.smith795@007addict.com,74593,U795
U860,Morgan Martinez,Marketing,morgan.martinez860@21cn.com,86667,U297
U297,Morgan Martinez,Engineering,morgan.martinez297@21cn.com,86667,U297
U858,Riley Brown,HR,riley.brown858@10minutemail.com,85833,U284
U587,Jordan Garcia,Engineering,jordan.garcia587@10minutemail.com,85833,U284
U284,Drew Nguyen,Marketing,drew.nguyen284@10minutemail.com,85833,U284
U840,Jamie Martinez,Engineering,jamie.martinez840@21cn.com,48409,U840
U802,Morgan Garcia,HR,morgan.garcia802@21cn.com,48409,U840
U499,Taylor Johnson,Finance,taylor.johnson499@126.com,19575,U499
U222,Riley Johnson,Marketing,riley.johnson222@bluebottle.com,39191,U222
U939,Jamie Lee,Sales,jamie.lee939@aol.com,45486,U939
U762,Alex Garcia,Marketing,alex.garcia762@gmail.com,45645,U762
U810,Jamie Clark,Engineering,jamie.clark810@gmail.com,45645,U762
U693,Alex Lee,Engineering,alex.lee693@126.com,68845,U693
U782,Jordan Johnson,Finance,jordan.johnson782@360.ru,54603,U782
U590,Jordan Nguyen,Engineering,jordan.nguyen590@126.com,30460,U590
U292,Riley Martinez,Sales,riley.martinez292@007addict.com,96504,U292
U701,Riley Garcia,Finance,riley.garcia701@gmail.com,75617,U262
U262,Jamie Nguyen,Marketing,jamie.nguyen262@gmail.com,75617,U262
U924,Jordan Martinez,Sales,jordan.martinez924@4email.com,42632,U924
U264,Morgan Clark,Support,morgan.clark264@21cn.com,96882,U264
U134,Taylor Johnson,Support,taylor.johnson134@21cn.com,96882,U264
U418,Riley Johnson,Marketing,riley.johnson418@007addict.com,48558,U418
U208,Drew Garcia,Sales,drew.garcia208@007addict.com,31659,U208
U295,Alex Garcia,Sales,alex.garcia295@bk.ru,88136,U295
U725,Morgan Johnson,Engineering,morgan.johnson725@126.com,53570,U725
U604,Taylor Lee,HR,taylor.lee604@10minutemail.com,54765,U423
U232,Jordan Martinez,Marketing,jordan.martinez232@10minutemail.com,54765,U423
U423,Taylor Garcia,Support,taylor.garcia423@10minutemail.com,54765,U423
U417,Casey Johnson,HR,casey.johnson417@aol.com,87446,U417
U741,Alex Smith,Support,alex.smith741@10mail.org,14452,U741
U193,Jamie Clark,Sales,jamie.clark193@aol.com,31753,U193
U434,Jordan Brown,Finance,jordan.brown434@360.ru,35188,U434
U522,Morgan Johnson,Marketing,morgan.johnson522@21cn.com,80707,U522
U478,Drew Lee,HR,drew.lee478@21cn.com,80707,U522
U549,Taylor Garcia,Marketing,taylor.garcia549@bigfoot.com,59038,U549
U120,Casey Smith,Finance,casey.smith120@189.cn,63457,U120
U835,Drew Nguyen,Engineering,drew.nguyen835@apple.sib.ru,63877,U835
U132,Taylor Garcia,Sales,taylor.garcia132@0-mail.com,15177,U132
U669,Alex Clark,Finance,alex.clark669@10mail.org,97763,U669
U797,Riley Martinez,Marketing,riley.martinez797@360.ru,76186,U797
U647,Riley Nguyen,Finance,riley.nguyen647@007addict.com,13593,U647
U777,Riley Clark,Engineering,riley.clark777@139.com,62464,U777
U183,Taylor Martinez,Finance,taylor.martinez183@139.com,62464,U777
U446,Taylor Brown,Engineering,taylor.brown446@88.am,74386,U446
U240,Riley Martinez,Engineering,riley.martinez240@88.am,74386,U446
U259,Riley Lee,Finance,riley.lee259@33mail.com,73731,U259
U204,Taylor Martinez,Engineering,taylor.martinez204@5star.com,57289,U328
U328,Morgan Garcia,Marketing,morgan.garcia328@5star.com,57289,U328
U106,Drew Lee,Finance,drew.lee106@88.am,69234,U106
U794,Taylor Clark,Sales,taylor.clark794@88.am,69234,U106
U268,Alex Lee,Sales,alex.lee268@163.com,86239,U268
U964,Taylor Garcia,Sales,taylor.garcia964@163.com,86239,U268
U677,Alex Martinez,Support,alex.martinez677@163.com,86239,U268
U505,Jordan Johnson,Engineering,jordan.johnson505@88.am,29870,U505
U119,Casey Clark,HR,casey.clark119@88.am,29870,U505
U540,Riley Brown,Engineering,riley.brown540@5star.com,34180,U829
U829,Jordan Clark,Engineering,jordan.clark829@5star.com,34180,U829
U547,Morgan Clark,Support,morgan.clark547@88.am,27155,U547
U607,Riley Brown,Sales,riley.brown607@88.am,27155,U547
U559,Drew Martinez,Finance,drew.martinez559@189.cn,62318,U559
U947,Jordan Smith,HR,jordan.smith947@21cn.com,46291,U947
U217,Jordan Nguyen,Sales,jordan.nguyen217@21cn.com,46291,U947
U815,Alex Nguyen,Sales,alex.nguyen815@88.am,73956,U815
U116,Taylor Brown,Support,taylor.brown116@88.am,73956,U815
U172,Alex Martinez,Engineering,alex.martinez172@6ip.us,52581,U172
U754,Drew Johnson,HR,drew.johnson754@6ip.us,52581,U172
U895,Casey Nguyen,Sales,casey.nguyen895@6ip.us,52581,U172
U409,Riley Garcia,Sales,riley.garcia409@4email.com,35652,U409
U534,Morgan Garcia,Finance,morgan.garcia534@10minutemail.com,31261,U534
U816,Alex Smith,Marketing,alex.smith816@10minutemail.com,31261,U534
U898,Taylor Smith,Marketing,taylor.smith898@10minutemail.com,31261,U534
U745,Casey Clark,HR,casey.clark745@10minutemail.com,45049,U227
U160,Alex Johnson,Marketing,alex.johnson160@10minutemail.com,45049,U227
U227,Jamie Garcia,HR,jamie.garcia227@10minutemail.com,45049,U227
U346,Alex Smith,Marketing,alex.smith346@0-mail.com,77799,U346
U623,Jamie Martinez,HR,jamie.martinez623@bk.ru,92927,U623
U640,Alex Lee,Finance,alex.lee640@007addict.com,81070,U640
U113,Jordan Brown,Engineering,jordan.brown113@apple.sib.ru,55205,U113
U343,Riley Nguyen,Finance,riley.nguyen343@126.com,30411,U343
U376,Jordan Clark,Sales,jordan.clark376@5star.com,35733,U697
U697,Drew Smith,Marketing,drew.smith697@5star.com,35733,U697
U326,Casey Nguyen,Sales,casey.nguyen326@360.ru,52957,U326
U475,Casey Johnson,Sales,casey.johnson475@apple.sib.ru,87620,U475
U946,Casey Clark,Engineering,casey.clark946@139.com,34872,U946
U818,Taylor Clark,Support,taylor.clark818@139.com,34872,U946
U555,Riley Martinez,Sales,riley.martinez555@360.ru,75785,U555
U440,Jordan Garcia,Finance,jordan.garcia440@5star.com,24486,U707
U707,Riley Johnson,Sales,riley.johnson707@5star.com,24486,U707
U591,Alex Lee,HR,alex.lee591@bigfoot.com,76530,U591
U779,Drew Nguyen,Engineering,drew.nguyen779@bluebottle.com,35728,U779
U903,Morgan Brown,Finance,morgan.brown903@360.ru,14032,U903
U882,Jamie Smith,Finance,jamie.smith882@apple.sib.ru,80065,U882
U412,Taylor Clark,Finance,taylor.clark412@10mail.org,84360,U412
U646,Jordan Brown,Engineering,jordan.brown646@007addict.com,24884,U646
U527,Jamie Clark,Engineering,jamie.clark527@apple.sib.ru,27236,U527
U245,Jamie Johnson,Marketing,jamie.johnson245@123.com,26865,U400
U400,Taylor Smith,Marketing,taylor.smith400@123.com,26865,U400
U305,Jordan Johnson,Support,jordan.johnson305@360.ru,13184,U305
U378,Morgan Nguyen,Marketing,morgan.nguyen378@4email.com,72343,U378
U335,Taylor Lee,HR,taylor.lee335@360.ru,23197,U335
U515,Drew Smith,Engineering,drew.smith515@0-mail.com,91878,U515
U583,Drew Smith,HR,drew.smith583@4email.com,24833,U583
U978,Morgan Johnson,HR,morgan.johnson978@126.com,58874,U978
U806,Morgan Lee,Marketing,morgan.lee806@360.ru,18308,U806
U695,Alex Garcia,Sales,alex.garcia695@163.com,17454,U695
U932,Morgan Brown,Sales,morgan.brown932@163.com,17454,U695
U580,Taylor Nguyen,Finance,taylor.nguyen580@163.com,17454,U695
U720,Alex Brown,Support,alex.brown720@126.com,36198,U720
U851,Drew Garcia,Engineering,drew.garcia851@10mail.org,44760,U851
U254,Jordan Brown,Support,jordan.brown254@126.com,26633,U254
U369,Riley Clark,Support,riley.clark369@10mail.org,63339,U369
U554,Taylor Smith,Marketing,taylor.smith554@4email.com,99731,U554
U307,Alex Johnson,Sales,alex.johnson307@gmail.com,20608,U307
U664,Taylor Lee,Support,taylor.lee664@gmail.com,20608,U307
U814,Taylor Martinez,HR,taylor.martinez814@123.com,61582,U471
U471,Drew Clark,Finance,drew.clark471@123.com,61582,U471
U729,Alex Johnson,Sales,alex.johnson729@88.am,39926,U921
U921,Taylor Lee,Sales,taylor.lee921@88.am,39926,U921
U133,Taylor Lee,Finance,taylor.lee133@126.com,81032,U133
U666,Riley Clark,Engineering,riley.clark666@139.com,75499,U556
U556,Morgan Clark,Finance,morgan.clark556@139.com,75499,U556
U437,Alex Johnson,HR,alex.johnson437@33mail.com,83237,U437
U257,Casey Nguyen,Support,casey.nguyen257@0-mail.com,20195,U257
U966,Taylor Johnson,Marketing,taylor.johnson966@33mail.com,75269,U966
U767,Drew Johnson,Engineering,drew.johnson767@gmail.com,82607,U341
U341,Jamie Clark,HR,jamie.clark341@gmail.com,82607,U341
U302,Drew Garcia,Marketing,drew.garcia302@189.cn,30598,U302
U414,Alex Garcia,Sales,alex.garcia414@139.com,26096,U439
U439,Morgan Garcia,HR,morgan.garcia439@139.com,26096,U439
U627,Alex Clark,Support,alex.clark627@21cn.com,49568,U789
U789,Jordan Brown,HR,jordan.brown789@21cn.com,49568,U789
U492,Alex Lee,Sales,alex.lee492@126.com,23804,U492
U621,Drew Lee,Finance,drew.lee621@88.am,53640,U771
U771,Taylor Martinez,Support,taylor.martinez771@88.am,53640,U771
U951,Morgan Clark,Marketing,morgan.clark951@163.com,11049,U951
U576,Morgan Johnson,Sales,morgan.johnson576@163.com,11049,U951
U476,Jordan Clark,Support,jordan.clark476@163.com,11049,U951
U373,Riley Clark,Engineering,riley.clark373@10mail.org,82564,U373
U484,Drew Martinez,Marketing,drew.martinez484@6ip.us,49919,U533
U533,Alex Johnson,Engineering,alex.johnson533@6ip.us,49919,U533
U453,Casey Smith,Engineering,casey.smith453@6ip.us,49919,U533
U200,Riley Brown,Engineering,riley.brown200@21cn.com,36042,U663
U663,Morgan Martinez,Support,morgan.martinez663@21cn.com,36042,U663
U241,Casey Smith,Engineering,casey.smith241@10mail.org,98501,U241
U218,Jamie Clark,Support,jamie.clark218@88.am,42234,U625
U625,Morgan Clark,HR,morgan.clark625@88.am,42234,U625
U246,Taylor Smith,Engineering,taylor.smith246@bluebottle.com,25090,U246
U760,Jamie Clark,Sales,jamie.clark760@123.com,88188,U760
U371,Riley Garcia,HR,riley.garcia371@123.com,88188,U760
U678,Casey Garcia,Marketing,casey.garcia678@bigfoot.com,80760,U678
U619,Riley Martinez,Marketing,riley.martinez619@5star.com,14225,U619
U670,Morgan Garcia,Sales,morgan.garcia670@5star.com,14225,U619
U353,Taylor Brown,Sales,taylor.brown353@10mail.org,79533,U353
U470,Riley Martinez,HR,riley.martinez470@5star.com,19825,U470
U401,Taylor Martinez,Engineering,taylor.martinez401@5star.com,19825,U470
U202,Alex Smith,Marketing,alex.smith202@gmail.com,26854,U926
U926,Taylor Brown,Support,taylor.brown926@gmail.com,26854,U926
U141,Jordan Johnson,Sales,jordan.johnson141@126.com,15077,U141
U504,Jamie Johnson,Finance,jamie.johnson504@gmail.com,58401,U303
U303,Morgan Smith,Marketing,morgan.smith303@gmail.com,58401,U303
U304,Riley Lee,Finance,riley.lee304@bluebottle.com,75493,U304
U570,Taylor Martinez,Sales,taylor.martinez570@4email.com,56090,U570
U468,Morgan Johnson,Support,morgan.johnson468@4email.com,14832,U468
U436,Taylor Nguyen,HR,taylor.nguyen436@6ip.us,87048,U374
U274,Taylor Lee,Engineering,taylor.lee274@6ip.us,87048,U374
U374,Morgan Johnson,Finance,morgan.johnson374@6ip.us,87048,U374
U717,Taylor Lee,HR,taylor.lee717@5star.com,23045,U717
U458,Jamie Martinez,Marketing,jamie.martinez458@5star.com,23045,U717
U719,Taylor Lee,Finance,taylor.lee719@bluebottle.com,66512,U719
U837,Taylor Lee,Finance,taylor.lee837@bluebottle.com,34055,U837
U885,Casey Garcia,Finance,casey.garcia885@gmail.com,80899,U885
U309,Alex Smith,Engineering,alex.smith309@gmail.com,80899,U885
U514,Alex Smith,HR,alex.smith514@88.am,48158,U514
U759,Riley Brown,Support,riley.brown759@88.am,48158,U514
U785,Jamie Nguyen,Marketing,jamie.nguyen785@88.am,66662,U377
U377,Morgan Smith,Marketing,morgan.smith377@88.am,66662,U377
U207,Alex Johnson,HR,alex.johnson207@139.com,94219,U592
U592,Jamie Brown,Marketing,jamie.brown592@139.com,94219,U592
U981,Casey Nguyen,Engineering,casey.nguyen981@armyspy.com,21327,U937
U192,Morgan Martinez,Sales,morgan.martinez192@armyspy.com,21327,U937
U937,Jordan Nguyen,Sales,jordan.nguyen937@armyspy.com,21327,U937
U263,Morgan Johnson,Marketing,morgan.johnson263@4email.com,98237,U263
U387,Casey Smith,Support,casey.smith387@139.com,17975,U306
U306,Taylor Nguyen,Marketing,taylor.nguyen306@139.com,17975,U306
U925,Drew Clark,HR,drew.clark925@bigfoot.com,26114,U925
U506,Jordan Clark,Sales,jordan.clark506@5star.com,16175,U506
U850,Jordan Garcia,Marketing,jordan.garcia850@5star.com,16175,U506
U743,Drew Brown,HR,drew.brown743@360.ru,90710,U743
